COD_DANE_DEPARTAMENTO,DEPARTAMENTO,COD_SECRETARIA,SECRETARIA,COD_DANE_MUNICIPIO,MUNICIPIO,CODIGO_DANE,NOMBRE_ESTABLECIMIENTO,COD_SECTOR,SECTOR,COD_CARACTER,CARACTER,COD_CALENDARIO,CALENDARIO,DIRECCION,BARRIO_VEREDA,TELEFONO,FAX,EMAIL,RECTOR,WEB,TOTAL_MATRICULA,CANTIDAD_SEDES
27,CHOCÓ,3789,CHOCO,27787,TADÓ,227099000532,CE INDÍGENA CHOGOROKUARA,1001,OFICIAL,-,-,52,A,RESG CHARCO GALLO,,3138119570,,Lucuca1974@gmail.com,LUCINDO CUÑAPA CAIZAMO,,273,4
27,CHOCÓ,3789,CHOCO,27787,TADÓ,227073000127,CE INDÍGENA MINDALECIO CAMPAÑA,1001,OFICIAL,-,-,52,A,RESG INDIG TAHAMI,,3148044667,,asorewasimat@gmail.com,BERNANDO BITUCAY BISCUÑA,,162,4
27,CHOCÓ,4382,QUIBDÓ,27001,QUIBDÓ,327001800000,CENTRO EDUCATIVO ASAMBLEAS DE DIOS,1002,NO_OFICIAL,-,-,52,A,IND CR 12 N° 12-32,LA PLAYITA,6721344,,solrenco@gmail.com,SOL MARIA RENTERIA CORDOBA,,77,1
27,CHOCÓ,4382,QUIBDÓ,27001,QUIBDÓ,327001018271,CENTRO EDUCATIVO PACIFICO (CEPA),1002,NO_OFICIAL,-,-,52,A,KR 6 11 106,,,,,JOSE DELFINO MURILLO BERMUDEZ,,35,1
27,CHOCÓ,4382,QUIBDÓ,27001,QUIBDÓ,327001018280,JARDIN INFANTIL Y ESCUELA MATERNA ACUARELA,1002,NO_OFICIAL,-,-,52,A,CL 24 25 95,EL JARDIN,,,,LUCENY PARRA MATURANA,,38,1
27,CHOCÓ,3789,CHOCO,27787,TADÓ,227250000094,CE INDÍGENA CHIRIVICO OSORIO,1001,OFICIAL,-,-,52,A,COMUN. INDIG CHAGPIEN MEDIO,,3105973992,,wiervazu@hotmail.com,WILLIAM VALENCIA ZUÑIGA,,280,4
27,CHOCÓ,3789,CHOCO,27787,TADÓ,227025080704,CE INDÍGENA MAXIMILIANO ROJAS ISARAMA,1001,OFICIAL,-,-,52,A,COMUNIDAD. INDIGENA DE GEANDO RIO CUGUCHO,,3105975842,,coberturasimatchirch@gmail.com,PLINIO CABRERA IZARAMA,,270,4
27,CHOCÓ,4382,QUIBDÓ,27001,QUIBDÓ,327001800042,JARDIN INFANTIL MIS PRIMEROS PASOS,1002,NO_OFICIAL,-,-,52,A,IND CRA 9 N° 28-55,SILENCIO,3165676406,,jardinmisprimerospasosquibdo@gmail.com,WALTER EMILIO MURILLO SERNA,,45,1
27,CHOCÓ,3789,CHOCO,27787,TADÓ,227413000496,CE INDÍGENA DE LANA,1001,OFICIAL,-,-,52,A,COMUN LANA,,3148375779,,asorewasimat@gmail.com,JULIO AMAGARA CHORY,,512,6
27,CHOCÓ,3789,CHOCO,27787,TADÓ,227810800008,CE INDIGENA DE PICHINDE,1001,OFICIAL,-,-,52,A,COMUNIDAD INDIGENA DE PICHINDE,,3147584525,,robertoisarama@gmail.com,ROBERTO ISARAMA ROJAS,,83,3
27,CHOCÓ,3789,CHOCO,27787,TADÓ,427372000264,CE INDÍGENA OGO PURU,1001,OFICIAL,-,-,52,A,JURADO,,,,cedosbocasjurado@gmail.com,ALEXIS VALDESPIN DAJI,,185,2
27,CHOCÓ,3789,CHOCO,27787,TADÓ,227135002601,CE INDÍGENA CAMPO BONITO DE TARIDO,1001,OFICIAL,-,-,52,A,CAMPO BONITO,,3146952606,,eleuteriomecha@hotmail.com,ELEUTERIO MECHA LIMON,,88,2
27,CHOCÓ,3789,CHOCO,27787,TADÓ,227491001016,CE INDÍGENA DE SABALETERA,1001,OFICIAL,-,-,52,A,IPARRA,,3105975842,,coberturasimatchirch@gmail.com,MILADIS PACHECO LANA,,290,5
27,CHOCÓ,3789,CHOCO,27787,TADÓ,227205001039,CE INDÍGENA DE ALTO BONITO,1001,OFICIAL,-,-,52,A,VDA ALTO BONITO,,3123191329,,ferpipicay@hotmail.com,PIPICAY OKY FERNANDO,,216,3
27,CHOCÓ,3789,CHOCO,27787,TADÓ,227660000709,CE INDÍGENA NUESTRA SEÑORA DEL CARMEN,1001,OFICIAL,-,-,52,A,VDA EL COPEC,,3136909389,,cristinasequia@gmail.com,ERIKA CRISTINA TASCON TASCON,,67,2
27,CHOCÓ,3789,CHOCO,27787,TADÓ,227745000210,CE INDÍGENA LA MILAGROSA DE SANDOSITO,1001,OFICIAL,-,-,52,A,CORREG SANANDO,,3205476919 - 3503190404,,asorewasimat@gmail.com,ISMAEL FORASTERO MECHA,,68,1
27,CHOCÓ,3789,CHOCO,27787,TADÓ,427495000188,CE INDÍGENA THEARATE,1001,OFICIAL,-,-,52,A,CORREG RIO DE PANGUI,,3172837837,,asorewasimat@gmail.com,YURY MOYA MACHUCA,,271,3
27,CHOCÓ,3789,CHOCO,27787,TADÓ,127495000389,CE INDÍGENA PHUSABIDARA,1001,OFICIAL,-,-,52,A,CABECERA MUNICPAL,,3137228727,,becamecha@hotmail.com,BENJAMIN CABRERA MECHA,,306,3
27,CHOCÓ,3789,CHOCO,27787,TADÓ,227099000460,CE INDÍGENA UNION BAQUIAZA,1001,OFICIAL,-,-,52,A,VDA UNION BAQUIAZA,,3208607958,,asorewasimat@gmail.com,JOSE CABRERA PIPICAY,,484,5
27,CHOCÓ,3789,CHOCO,27787,TADÓ,327361002571,JARDÍN INFANTIL YADELIA DEL AMOR,1002,NO_OFICIAL,-,-,52,A,CL 32 07 73,,,,,EMY DEL SOCORRO AGUILAR MOSQUERA,,30,1
27,CHOCÓ,3789,CHOCO,27787,TADÓ,327361002881,JARDÍN INFANTIL MI PRIMER SUEÑO,1002,NO_OFICIAL,-,-,52,A,KR 5 5 39,,,,,SORAYA ALINA MOSQUERA,,52,1
27,CHOCÓ,3789,CHOCO,27787,TADÓ,227025001219,CE INDÍGENA KATIO BERNARDO ARCE - CEIKABAL,1001,OFICIAL,-,-,52,A,CORREG PUERTO INDIO,,3104034183,,onorioarcebricha@gmail.com,ARCE BRICHA ONORIO,,323,5
27,CHOCÓ,3789,CHOCO,27787,TADÓ,227001004250,CE INDÍGENA EMBERA JOSELITO AMAGARA,1001,OFICIAL,-,-,52,A,COMUN INDIG GUADUALITOS,,3122134718,,casildobete2012@gmail.com,CASILDO CANSARIOLEA,,358,8
27,CHOCÓ,3789,CHOCO,27787,TADÓ,227150000305,CE INDÍGENA OIBIDA KUVAMIANDÓ - SEDE PRINCIPAL,1001,OFICIAL,-,-,52,A,VDA ALTO GUAYABAL,,3107350865,,asorewasimat@gmail.com,GUILLERMO ALEJANDRO LONDOÑO,,299,6
27,CHOCÓ,3789,CHOCO,27787,TADÓ,227245000311,IE INDÍGENA AMADO ARCE,1001,OFICIAL,817,Académico,52,A,VDA LA PURIA,,3104666937,,aurentinoarce@gmail.com,AURENTINO ARCE ESTEVE,,403,4
27,CHOCÓ,4382,QUIBDÓ,27001,QUIBDÓ,127001017896,IE ADVENTISTA DE QUIBDO BOLIVAR ESCANDON,1002,NO_OFICIAL,817,Académico,52,A,CL 30 5 45,CESAR CONTO,6714714,,,CLAUDIA PATRICIA RIVAS MURILLO,,486,1
27,CHOCÓ,4382,QUIBDÓ,27001,QUIBDÓ,327001800018,COLEGIO HUMANISTA ALEXANDRE PETION,1002,NO_OFICIAL,817,Académico,52,A,IND CRA 6 N°32-02,HUAPANGO,6723764,,direccionacademicahumanista@gmail.com,HIGINIO SERNA HINESTROZA,,163,1
27,CHOCÓ,4382,QUIBDÓ,27001,QUIBDÓ,127001000411,IE ARMANDO LUNA ROA,1001,OFICIAL,817,Académico,52,A,IND TRANSVERSAL  10 # 30-65,JULIO FIGUEROA VILLA- VIEJO HOSPITAL,673763,6711321,iearmandoluna@semquibdo.gov.co  amadeo49357@hotmail.com,DAFNY AMADEO PALACIOS MENA,,1476,3
27,CHOCÓ,4382,QUIBDÓ,27001,QUIBDÓ,227001001684,IE  MIGUEL ANTONIO CAICEDO MENA - OBAPO,1001,OFICIAL,817,Académico,52,A,OBAPO,OBAPO,,,iemiguela@semquibdo.gov.co,NIDIA ASPRILLA MOSQUERA,,1261,3
27,CHOCÓ,4382,QUIBDÓ,27001,QUIBDÓ,327001800034,CENTRO EDUCATIVO CENTER SEED OF LOVE,1002,NO_OFICIAL,817,Académico,52,A,KR 19 24 59 <EOF>,EL JARDÍN,3146433763,,,LOREN YOFAIDY CASTRO MATURANA,,21,1
27,CHOCÓ,4382,QUIBDÓ,27001,QUIBDÓ,127001004107,IE MIA ROGERIO VELASQUEZ MURILLO,1001,OFICIAL,817,Académico,52,A,CL 30 1 10,CRISTO REY,6708458,,iervelasquez@semquibdo.gov.co,OBDULIO MENA PALACIOS,,2488,3
27,CHOCÓ,4382,QUIBDÓ,27001,QUIBDÓ,127001004158,IE ISAAC RODRIGUEZ MARTINEZ,1001,OFICIAL,817,Académico,52,A,IND REPOSO  # 2,,6715540/715525,,eduhalaby@hotmail.com,EDUARDO ENRIQUE HALABY,,1384,4
27,CHOCÓ,4382,QUIBDÓ,27001,QUIBDÓ,127001000853,IE GIMNASIO DE QUIBDO,1001,OFICIAL,817,Académico,52,A,KR 2 25 22,ROMA,6713807,6710933,iegimnasio@semquibdo.gov.co,JAFET BUENAÑOS RENTERIA,,1801,2
27,CHOCÓ,4382,QUIBDÓ,27001,QUIBDÓ,127001018001,IE DIOCESANO PEDRO GRAU Y AROLA,1001,OFICIAL,817,Académico,52,A,IND PARQUE LA GLORIA,LA GLORIA,6718767,6718767,grauyarola@yahoo.es,JOSE ARCELIANO PALACIOS MOSQUERA.,,3339,8
27,CHOCÓ,4382,QUIBDÓ,27001,QUIBDÓ,127001003534,IE JOSE DEL CARMEN CUESTA RENTERIA,1001,OFICIAL,817,Académico,52,A,CL 24 6 24,YESCA GRANDE,6714058,6710791,iejosecuesta@semquibdo.gov.co  franepar@hotmail.com,DALSON MARTIN ABADIA TORRES,,2009,4
27,CHOCÓ,3789,CHOCO,27787,TADÓ,227413000534,CE INDÍGENA DE ALTO CHITRE,1001,OFICIAL,817,Académico,52,A,COMUN TIRAVENADO,,3144764367,,asorewasimat@gmail.com,ALBERTO CEREZO,,361,5
27,CHOCÓ,3789,CHOCO,27787,TADÓ,227745000198,CE UNION CHARCO LARGO,1001,OFICIAL,817,Académico,52,A,CORREG CHARCO LARGO,CHARCO LARGO,6716342 - 3147001182,985214228-,hectoralexander52@hotmail.com,RAMIREZ MANYOMA HECTOR ALEXANDER,,382,4
27,CHOCÓ,3789,CHOCO,27787,TADÓ,227745000082,CE SANTA TERESITA,1001,OFICIAL,817,Académico,52,A,CORREG CA¿AVERAL,SIN INFORMACION,3116422135- 6709823,,jggarcia@sedchoco.gov.co,GUERRERO GARCIA JEFFERSON,,244,6
27,CHOCÓ,3789,CHOCO,27787,TADÓ,227615060750,CE CARACOLI ALTO,1001,OFICIAL,817,Académico,52,A,COQUITOS,SIN INFORMACION,5222468- 3206936342,,walter.emith@sedchoco.gov.co,PALACIOS MENA WATER EMIR,,420,8
27,CHOCÓ,3789,CHOCO,27787,TADÓ,227615000374,IE INDÍGENA DE JAGUAL,1001,OFICIAL,817,Académico,52,A,CORREG JAGUAL,SIN INFORMACION,3206643834,,aquileomecheche@hotmail.com,AQUILEITO MECHECHE BARAGON,,599,4
27,CHOCÓ,3789,CHOCO,27787,TADÓ,227205000156,CE SANTA BARBARA,1001,OFICIAL,817,Académico,52,A,SANTA BARBARA,SIN INFORMACION,5204766- 3122703682,,gfdelgado@sedchoco.gov.co cesbarbara@gmail.com,DELGADO MOSQUERA GILBER FARITH,,202,4
27,CHOCÓ,3789,CHOCO,27787,TADÓ,227077001349,IE INDÍGENA DE BUENA VISTA,1001,OFICIAL,817,Académico,52,A,BAJO BAUDO,SIN INFORMACION,3136660664,,m.c.ismare@gmail.com,METALI CONQUISTA ISMARE,,806,3
27,CHOCÓ,3789,CHOCO,27787,TADÓ,227491000273,CE SAN ONOFRE,1001,OFICIAL,817,Académico,52,A,JUNTAS DEL TAMANA,,522 24 64- 3128589935-3136841538,,juan.rivas@sedchoco.gov.co jufrarito82@gmail.com,RIVAS TORRES JUAN FRANCISCO,,578,17
27,CHOCÓ,3789,CHOCO,27787,TADÓ,227099000494,IE INDÍGENA DE CHANO,1001,OFICIAL,817,Académico,52,A,RIO CUIA,EL CHANO,3116975538,,centroeduchano@gmail.com,MARIO ROJAS ISARAMA,,551,3
27,CHOCÓ,3789,CHOCO,27787,TADÓ,227077000334,CE SIVIRU,1001,OFICIAL,817,Académico,52,A,CORREG SIVIRU,SIN INFORMACION,,,idalides47@hotmail.com,MOSQUERA ASPRILLA IDALIDES,,226,3
27,CHOCÓ,3789,CHOCO,27787,TADÓ,227077001675,CE SAN PEDRO CLAVER,1001,OFICIAL,817,Académico,52,A,CORREG DE GUINEAL,CORREG DE GUINEAL,3206647310,,poknchoandrade1962@gmail.com,ANDRADE GAMBOA NICOLAS ALFONSO,,168,5
27,CHOCÓ,3789,CHOCO,27787,TADÓ,227077000130,CE SAN LORENZO DE ORPUA,1001,OFICIAL,817,Académico,52,A,ORPUA,SIN INFORMACION,3137109373-3122790806,,ceslorenzobbaudo@gmail.com,HERNANDEZ CAICEDO JHON CATALINO,,143,3
27,CHOCÓ,3789,CHOCO,27787,TADÓ,227077000849,CE NUESTRA SEÑORA DEL CARMEN,1001,OFICIAL,817,Académico,52,A,VILLAMARIA,SIN INFORMACION,3127471390-3218322421,,evalencia@sedchoco.gov.co,VALENCIA GONZALES EDIGMO,,196,6
27,CHOCÓ,3789,CHOCO,27787,TADÓ,127077005234,IE INDÍGENA EMBERA DE PIZARRO,1001,OFICIAL,817,Académico,52,A,BAJO BAUDO,CASTILLOS,3127742713,,guacorizojhon@gmail.com,JHON GUACORIZO FORASTERO,,352,5
27,CHOCÓ,3789,CHOCO,27787,TADÓ,227077001357,CE FRANCISCO DE PAULA SANTANDER,1001,OFICIAL,817,Académico,52,A,PILIZA,SIN INFORMACION,5214012- 3218349687,5214013,jaibarguen@sedchoco.gov.co,IBARGUEN MORENO JESUS ALFREDO,,124,4
27,CHOCÓ,3789,CHOCO,27787,TADÓ,227025000514,CE INDÍGENA FLORESMIRO DOGIRAMA,1001,OFICIAL,817,Académico,52,A,CORREG SANTA MARIA DE CONDOTO,,3137306244,,dumazaflaco@gmail.com,CELESTINO DUMAZA FLACO,,583,8
27,CHOCÓ,3789,CHOCO,27787,TADÓ,227413000062,CE INDÍGENA CARECUY,1001,OFICIAL,817,Académico,52,A,COMUN CARECUY,,3128824140-3105118159,,asorewasimat@gmail.com,LUIS ALBERTO ANDRADE,,208,2
27,CHOCÓ,3789,CHOCO,27787,TADÓ,227800000411,CE INDÍGENA CUNA YALA DE ARQUIA,1001,OFICIAL,817,Académico,52,A,RESG DE TANELA,SIN INFORMACION,3123640229-3147411021,,asorewasimat@gmail.com,EDGAR RAMIREZ VILLALAZ,,309,6
27,CHOCÓ,3789,CHOCO,27787,TADÓ,227361002193,CE CACIQUE - NOANAMA,1001,OFICIAL,817,Académico,52,A,NOANAMA - MEDIO SAN JUAN,ESCOLAR,3142143919- 3127876590,,fjzuniga@sedchoco.gov.co,ZUÑIGA VANEGAS FAUSTO JOSE,,286,5
27,CHOCÓ,3789,CHOCO,27787,TADÓ,227077000997,CE INDÍGENA LEOVIGILDO CARPIO TEGAIZA,1001,OFICIAL,817,Académico,52,A,UNION DE PITALITO,,,,m.c.ismare@gmail.com,CARLOS OVIDIO CARPIO,,778,10
27,CHOCÓ,3789,CHOCO,27787,TADÓ,227025000361,CE HERMANO ANSELMO MOLANO,1001,OFICIAL,817,Académico,52,A,ALTO BAUDO,SIN INFORMACION,3137398169,,VICTNY@HOTMAIL.COM,ROBLEDO HINESTROZA GLENIS SAMIRA,,310,8
27,CHOCÓ,3789,CHOCO,27787,TADÓ,227073000194,CE INDÍGENA DE CASCAJERO,1001,OFICIAL,817,Académico,52,A,VDA CASCAJERO,SIN INFORMACION,3185120679 - 3192615053,,orlanbrisa@hotmail.com,ORLANDO QUERAGAMA VITUCAY,,344,7
27,CHOCÓ,3789,CHOCO,27787,TADÓ,227025000689,IE INDÍGENA LA PLAYITA,1001,OFICIAL,817,Académico,52,A,COMUN LA PLAYITA,,3146423792,,KARINAT1304@GMAIL.COM,NIXON LANA CAIZAMO,,498,5
27,CHOCÓ,3789,CHOCO,27787,TADÓ,227025000891,IE INDÍGENA DE PUERTO ALEGRE NAUCA,1001,OFICIAL,817,Académico,52,A,CORREG PUERTO ALEGRE NAUCA,,3104976392,,cepalegreabaudo@gmail.com,BECHECHE MACHUCA CHARLEY,,1004,7
27,CHOCÓ,3789,CHOCO,27787,TADÓ,127099000210,IE CESAR CONTO,1001,OFICIAL,817,Académico,52,A,BELLAVISTA,LA UNION,3122586146,,leonmoflo22@hotmail.es,MOSQUERA FLOREZ ENOEL,,961,7
27,CHOCÓ,3789,CHOCO,27787,TADÓ,227099000681,IE ROBINSON PALACIOS DE NAPIPI,1001,OFICIAL,817,Académico,52,A,NAPIPI,CORREGIMIENTO NAPIPI,3136721443 - 3126819509,5214040,jupaco1971@hotmail.com,PALACIOS COSSIO JUAN ADRIANO,,531,4
27,CHOCÓ,3789,CHOCO,27787,TADÓ,227073000241,IE INDÍGENA LUIS ENRIQUE ARCE DE AGUASAL,1001,OFICIAL,817,Académico,52,A,CORREG AGUASAL,AGUASAL,0985241236- 3187953704,,hermelmurillomurri02@gmail.com,HERMEL MURILLO MURRI,,1097,9
27,CHOCÓ,3789,CHOCO,27787,TADÓ,227450000013,IE INDÍGENA GENARO OPUA QUIRO,1001,OFICIAL,817,Académico,52,A,COMUN INDIG UNION WOUNAAN,SIN INFORMACION,5214127 - 311320916,5214128,maye8764@hotmail.com,LUCY MARIELA PALACIOS SERNA,,591,3
27,CHOCÓ,3789,CHOCO,27787,TADÓ,227205000199,CE JOSE EULISES MOSQUERA PEREA,1001,OFICIAL,817,Académico,52,A,CORREG SANTA ANA,SIN INFORMACION,3137507775-3217493437,,mdoralina@sedchoco.gov.co santaana2013@hotmail.es,AGUILAR ANDRADE MARIA DORALINA,,195,6
27,CHOCÓ,3789,CHOCO,27787,TADÓ,227075000060,IE INMACULADO CORAZON DE MARIA,1001,OFICIAL,817,Académico,52,A,CUPICA,SIN INFORMACION,3127744334,,carlos50murillo@hotmail.com,MURILLO MORENO CARLOS AMADEO,,320,1
27,CHOCÓ,3789,CHOCO,27787,TADÓ,227075000302,CE INDÍGENA MARIA AUXILIADORA DEL BRAZO,1001,OFICIAL,817,Académico,52,A,COMUNIDAD EL BRAZO,SIN INFORMACION,3113197194,,rumaldo.tapi35@gmail.com,RUMALDO TAPI MACHUCA,,348,7
27,CHOCÓ,3789,CHOCO,27787,TADÓ,127073000041,IE NUESTRA SEÑORA DE LA CANDELARIA,1001,OFICIAL,817,Académico,52,A,SIN INFORMACION,ESCOLAR,3146207465-3104051837,,peborja@sedchoco.gov.co peborja71@hotmail.com iescandelariabagado@gmail.com,GRACIA BORJA PABLO EMILIO,,431,1
27,CHOCÓ,3789,CHOCO,27787,TADÓ,227615000668,CE PUEBLO NUEVO,1001,OFICIAL,817,Académico,52,A,CORREG LA GRANDE,SIN INFORMACION,3103868552,,melkin.romana@sedchoco.gov.co melkinro@gmail.com,ROMAÑA CUESTA MELKIN,,435,12
27,CHOCÓ,3789,CHOCO,27787,TADÓ,227615002083,IE INDÍGENA UNION CHOGORODO,1001,OFICIAL,817,Académico,52,A,VDA CHOGORODO,SIN INFORMACION,3137073266,,ieuchogorodo@gmail.com,VICTOR SARCO PIPICAY,,350,2
27,CHOCÓ,3789,CHOCO,27787,TADÓ,327245000030,IE CORAZON DE MARIA,1001,OFICIAL,817,Académico,52,A,BARRIO VILLA MERCEDES,VILLA MERCEDES,6790255_3217593962,6790255,mdbecerrap@hotmail.com,BECERRA PALOMEQUE MELVIN DOMINGO,WWW.IECM.EDU.CO,626,5
27,CHOCÓ,3789,CHOCO,27787,TADÓ,227006000112,IE SAGRADO CORAZON JESUS,1001,OFICIAL,817,Académico,52,A,CAPURGANA,,3117948399,,macomar14@hotmail.com,COPETE MARMOLEJO MANUEL ARNULFO,,695,3
27,CHOCÓ,3789,CHOCO,27787,TADÓ,227073002012,IE INDÍGENA DE PESCADITO,1001,OFICIAL,817,Académico,52,A,VDA PESCADITO,SIN INFORMACION,3185120679,,institucionpescadito@gmail.com,LORENZO CAMPO BANIAMA,,571,6
27,CHOCÓ,3789,CHOCO,27787,TADÓ,227025000069,CE BELLAVISTA BERREBERRE,1001,OFICIAL,817,Académico,52,A,BELLAVISTA BERREBERE,SIN INFORMACION,3145446072 - 3136399563,,jlmm111969@gmail.com,MOSQUERA MARTINEZ JOSE LIBARDO,,89,3
27,CHOCÓ,3789,CHOCO,27787,TADÓ,227006000449,CE SAN FRANCISCO,1001,OFICIAL,817,Académico,52,A,SAN FRANCISCO,CORREG SAN FRANCISCO,3128735391 320 7268272,,mpperez@sedchoco.gov.co deimar67@hotmail.com,PRESTAN PEREZ MARCIAL,,310,4
27,CHOCÓ,3789,CHOCO,27787,TADÓ,227615000714,CE CUCHILLO BLANCO,1001,OFICIAL,817,Académico,52,A,VDA CUCHILLO BLANCO,MANGLAR,3207268231,,elmeque2009@hotmail.com,QUEJADA MENA ELMER,,411,9
27,CHOCÓ,3789,CHOCO,27787,TADÓ,227001001196,CE SAN JOSE DE BUEY,1001,OFICIAL,817,Académico,52,A,SAN JOSE DE BUEY,SIN INFORMACION,311 785 8047,,madifrali@gmail.com,RODRIGUEZ SANCLEMENTE MARIA LILIAN,,273,7
27,CHOCÓ,3789,CHOCO,27787,TADÓ,227001017751,IE INDÍGENA EMBERA AME DE CHIRRINCHAO,1001,OFICIAL,817,Académico,52,A,GUADUALITO,B. GUADUALITO,3105975842,,coberturasimatchirch@gmail.com,JAIME MACHUCA DOGIRAMA,,343,6
27,CHOCÓ,3789,CHOCO,27787,TADÓ,227245000426,IE INDÍGENA KATIO CHAMI - SABALETA,1001,OFICIAL,817,Académico,52,A,VDA LA SABALETA,,3104693318,,i.ekatiochami@2015hotmail.com,HIPOLITO ROMAÑA CAICEDO,,315,2
27,CHOCÓ,3789,CHOCO,27787,TADÓ,227001000696,CE BEBARAMA,1001,OFICIAL,817,Académico,52,A,EL LLANO DE BEBARAMÁ,SIN INFORMACION,3136221007,,lamedina@sedchoco.gov.co,MEDINA MACHADO LUIS ARTURO,,108,5
27,CHOCÓ,3789,CHOCO,27787,TADÓ,227001000564,CE BOCA DE BEBARA,1001,OFICIAL,817,Académico,52,A,BOCA DE BEBARÁ,SIN INFORMACION,6710383 - 3116328121,,crenteria@sedchoco.gov.co,RENTERIA CORREA CELSO,,306,8
27,CHOCÓ,3789,CHOCO,27787,TADÓ,227413000151,CE MANUEL RODRIGUEZ,1001,OFICIAL,817,Académico,52,A,VILLA CLARET,SIN INFORMACION,3122524078- 6717737,,qsanchez@sedchoco.gov.co,SANCHEZ RENTERIA QUIRCIO DE JESUS,,262,9
27,CHOCÓ,3789,CHOCO,27787,TADÓ,227413000437,IE INDÍGENA DE PLAYON,1001,OFICIAL,817,Académico,52,A,PLAYON,PLAYON,3117406156,,crisildo20@hotmail.com,CRISILDO CORDOBA GUTIERREZ,,858,11
27,CHOCÓ,3789,CHOCO,27787,TADÓ,227361001995,CE DE POTEDO,1001,OFICIAL,817,Académico,52,A,POTEDO,SIN INFORMACION,3128477347-3128477347 3117408173,,cesaribarguenm@hotmail.com cibarguen@sedchoco.gov.co,IBARGUEN MARTINEZ CESAR,,240,6
27,CHOCÓ,3789,CHOCO,27787,TADÓ,427361002478,CE INDÍGENA PITULO CHIVIRICO,1001,OFICIAL,817,Académico,52,A,UNION CHOCO SAN CRISTOBAL,SIN INFORMACION,985224047- 3117847582,,acch2012@hotmail.com,ABILIO CABEZON CHAMAPURO,,579,3
27,CHOCÓ,3789,CHOCO,27787,TADÓ,227361000166,IE MIGUEL ANGEL GUERRERO,1001,OFICIAL,817,Académico,52,A,PAITO,SIN INFORMACION,3206783712,,daicyarboleda@gmail.com,MARIA DAICY ARBOLEDA CORDOBA,,339,5
27,CHOCÓ,3789,CHOCO,27787,TADÓ,227615002032,CE BOCAS DEL LIMON,1001,OFICIAL,817,Académico,52,A,CACARICA,SIN INFORMACION,3148919224,,fernando.alvarez@sedchoco.gov.co,ALVAREZ GAMBOA FERNANDO,,413,9
27,CHOCÓ,3789,CHOCO,27787,TADÓ,227413000011,CE BORAUDO,1001,OFICIAL,817,Académico,52,A,CORREG BORAUDO,,3117651923 6711831,521 38 59,dmosquera@sedchoco.gov.co mosqueradanny@hotmail.com,MOSQUERA MOSQUERA DANNY,,383,3
27,CHOCÓ,3789,CHOCO,27787,TADÓ,227615000544,CE TAMBORAL,1001,OFICIAL,817,Académico,52,A,TAMBORAL,SIN INFORMACION,3216137802,,sixcopa@hotmail.com,CORDOBA PALOMEQUE SIXTO,,132,7
27,CHOCÓ,3789,CHOCO,27787,TADÓ,427361001340,CE MARIA AUXILIADORA DE ISLA MONO,1001,OFICIAL,817,Académico,52,A,CORREG ISLA MONO,SIN INFORMACION,5214087- 3113881696 3113774047,,marango@sedchoco.gov.co mari.arba@hotmail.com cemauxiliadoralitoral@gmail.com,ARANGO BARBOSA MARI LUZ,,197,3
27,CHOCÓ,3789,CHOCO,27787,TADÓ,227361001286,CE MARIA AUXILIADORA DE CUCURRUPI,1001,OFICIAL,817,Académico,52,A,CORREG CUCURRUPI,SIN INFORMACION,522 24 28- 3105970395,,manuelvaloyes@gmail.com,VALOYES MENA MANUEL REYES,,629,18
27,CHOCÓ,3789,CHOCO,27787,TADÓ,227250000027,IE INDÍGENA LA TASCONA TAPARALITO,1001,OFICIAL,817,Académico,52,A,VDA TAPARALITO,SIN INFORMACION,5214094- 3207834727,,edmetazcon@hotmail.com,EDGAR MEMBACHE TASCON,,553,1
27,CHOCÓ,3789,CHOCO,27787,TADÓ,127361000439,IE ANDRES BELLO,1001,OFICIAL,817,Académico,52,A,KR 8 819 45,COMERCIO,6710975-3122872614,6702466-6703406,zaidaines21@hotmail.com,MORALES MURILLO NAZARENO,,1170,2
27,CHOCÓ,3789,CHOCO,27787,TADÓ,327361002872,COLEGIO DIOCESANO SAN JOSE,1002,NO_OFICIAL,817,Académico,52,A,IND SECTOR DIVINO NIÑO,B. CUBIS,,,,JOSE DONEY ROJAS MARULANDA,,179,1
27,CHOCÓ,3789,CHOCO,27787,TADÓ,227006000805,CE INDÍGENA DESAIRI,1001,OFICIAL,817,Académico,52,A,COMUN CHIDIMA,,3116841651,,asorewasimat@gmail.com,JAVIER DOMINICO,,53,2
27,CHOCÓ,3789,CHOCO,27787,TADÓ,227025001022,IE INDÍGENA DE VACAL,1001,OFICIAL,817,Académico,52,A,CORREG VACAL,,3105495001,,sergiotunaym@gmail.com,TUNAY MECHA SERGIO DARIO,,744,7
27,CHOCÓ,3789,CHOCO,27787,TADÓ,227025080171,CE INDÍGENA JUAN ANTONIO CHAMORRO,1001,OFICIAL,817,Académico,52,A,VDA ANDEUDO,,3217273497,,urieltunay1963@gmail.com,URIEL CHAMORRO TUNAY,,602,15
27,CHOCÓ,3789,CHOCO,27787,TADÓ,227025001065,IE INDÍGENA EUCICIO ISARAMA,1001,OFICIAL,817,Académico,52,A,VDA UYABA,,3137073799,,ceindigena2016@hotmail.com,JESUS MIJAIL UNDAGAMA MECHA,,749,18
27,CHOCÓ,3789,CHOCO,27787,TADÓ,227160000028,CE INDÍGENA PARECITO,1001,OFICIAL,817,Académico,52,A,VDA PARECITO,,3148656589,,Kandiski2013@gmail.com,YERSON DAVID AGUILAR M,,122,2
27,CHOCÓ,3789,CHOCO,27787,TADÓ,227361000051,IE INDÍGENA SANTA MARIA DE PANGALA,1001,OFICIAL,817,Académico,52,A,COMUN INDIG DE STA MARIA DE PANGALA,,3205731771,,javier-sarco@hotmail.com,JAVIER SARCO CONQUISTA,,587,4
27,CHOCÓ,3789,CHOCO,27787,TADÓ,227372000524,CE INDÍGENA ULDARICO CHIRIPUA,1001,OFICIAL,817,Académico,52,A,COMUNIDAD INDÍGENA DE SANTA TERESITA,,3117233820  3107005424,,alfoconquista24@hotmail.com,ALONSO CONQUISTA MEMBACHE,,187,3
27,CHOCÓ,3789,CHOCO,27787,TADÓ,227615001516,IE INDÍGENA WOUNAAN KHIRJUG,1001,OFICIAL,817,Académico,52,A,CORREG MARCIAL,,,,,SONIA CARPIO CONQUISTA,,311,3
27,CHOCÓ,3789,CHOCO,27787,TADÓ,227615000048,CE PRIMITIVO PALACIOS,1001,OFICIAL,817,Académico,52,A,BRISAS DEL CHOCO,,3148928921-3122968866,,melkinvaloyes@hotmail.com,VALOYES CORDOBA MELQUIS,,1354,12
27,CHOCÓ,3789,CHOCO,27787,TADÓ,127615000019,CE JORGE VALENCIA LOZANO,1001,OFICIAL,817,Académico,52,A,MONTAÑO,,3137537927,,jvlmontano@gmail.com,CHAVERRA CUESTA EDWIN,,397,4
27,CHOCÓ,3789,CHOCO,27787,TADÓ,227025000930,CE INDÍGENA NUNCIDÓ,1001,OFICIAL,817,Académico,52,A,COMUN  INDIG  NUNCIDO,,3105975842,,coberturasimatchirch@gmail.com,LUIS SANTO ROJAS FORASTERO,,627,8
27,CHOCÓ,3789,CHOCO,27787,TADÓ,427099000353,CE INDÍGENA DE SALINAS,1001,OFICIAL,817,Académico,52,A,VDA BICHIVI DE SALINA,,3128204697,,ceindigena.salina@gmail.com,SOMALIA DUMAZA CABRERA,,493,6
27,CHOCÓ,3789,CHOCO,27787,TADÓ,227615000005,CE INDÍGENA BILINGUE VEQUERA DE PERANCHO CACARICA,1001,OFICIAL,817,Académico,52,A,VDA CACARICA,,3503170687-3126831764-3114531173,,asorewasimat@gmail.com,LEOVIGILDO JOSE JIMENEZ BARCELO,,164,3
27,CHOCÓ,3789,CHOCO,27787,TADÓ,227077001438,CE INDÍGENA CAIMITAL,1001,OFICIAL,817,Académico,52,A,VDA CAIMITAL,,3105975842,,coberturasimatchirch@gmail.com,CLAUDIO CABRERA CAIZAMO,,421,7
27,CHOCÓ,3789,CHOCO,27787,TADÓ,227077002060,CE INDÍGENA TRAPICHE DEL RIO PEPE,1001,OFICIAL,817,Académico,52,A,RIO PEPE,,3105975842,,coberturasimatchirch@gmail.com,JOAQUIN DAVID GUEHENNEC PRETEL,,354,7
27,CHOCÓ,3789,CHOCO,27787,TADÓ,227495000286,IE INDÍGENA DE PUERTO INDIO (RIO CHORI),1001,OFICIAL,817,Académico,52,A,VDA ALTO RIO CHORI,32055446227,,,luzdarybanubischa@hotmail.com,LUZ DARY CHARAMPIA BANUBIS,,495,4
27,CHOCÓ,3789,CHOCO,27787,TADÓ,227250001350,CE INDÍGENA WOUNAAN JOODIN GAYAM,1001,OFICIAL,817,Académico,52,A,RESG INDIG BURUJON,,3113848109,,wilmarcm12@gmail.com,WILMAR CUERO MOYA,,306,3
27,CHOCÓ,3789,CHOCO,27787,TADÓ,227615001311,CE SIMON BOLIVAR,1001,OFICIAL,817,Académico,52,A,VDA PLAYA ROJA,LOS LEÑOS,6810255 - 3217186724,,healvava1952@hotmail.com,VALENCIA VALENCIA HENRY ALFREDO,,975,7
27,CHOCÓ,3789,CHOCO,27787,TADÓ,227787001313,IE INDÍGENA DE MONDO,1001,OFICIAL,817,Académico,52,A,VDA. DE MONDO,,3135426915,,agustinduave@gmail.com,AGUSTIN DUAVE NATIGAY,,972,10
27,CHOCÓ,3789,CHOCO,27787,TADÓ,227361002363,IE INDÍGENA LA UNION,1001,OFICIAL,817,Académico,52,A,RESG PICHIMA QUEBRADA,PICHIMA,3105170406,,ceindigenalaunion@gmail.com,CELSO PEÑA CHIRIPUA,,325,1
27,CHOCÓ,3789,CHOCO,27787,TADÓ,227099000516,IE INDÍGENA DE UNION CUITY,1001,OFICIAL,817,Académico,52,A,VDA UNION CUITY,MISTRAL,3217391794,,echapigamo@gmail.com,EVELIO CHAPIGAMA DOGIRAMA,,427,5
27,CHOCÓ,3789,CHOCO,27787,TADÓ,227099000061,IE INDÍGENA BIAKIRU DE PUNTO ALEGRE - RIO CUIA,1001,OFICIAL,817,Académico,52,A,VDA. PUNTO ALEGRE,PEÑITAS,3104041917,,gabinampia@outlook.es,GABINITO NAMPIA DUMASA,,705,9
27,CHOCÓ,3789,CHOCO,27787,TADÓ,227615001192,CE SANTA MARIA DE BELEN DE BAJIRA,1001,OFICIAL,817,Académico,52,A,VDA SANTA MARIA LA NUEVA,BELENCITO,3148449946,,wipacu1@hotmail.com,PALACIOS CUESTA WILSON,,795,8
27,CHOCÓ,3789,CHOCO,27787,TADÓ,227077001829,CE INDÍGENA SANTA MARIA BIRRINCHAO,1001,OFICIAL,817,Académico,52,A,VDA BIRRINCHA0,BIRRINCHAO,3128587671,,asorewasimat@gmail.com,JHON FREDY SARCO CAIBERA,,463,10
27,CHOCÓ,3789,CHOCO,27787,TADÓ,227077001811,CE INDÍGENA RAMIRO AMAGARA DE PUERTO SAMARIA,1001,OFICIAL,817,Académico,52,A,VDA PUERTO SAMARIA,PTO SAMARIA,3204263836,,arceneido@gmail.com,ARCENEIDO AMAGARA FORASTERO,,505,5
27,CHOCÓ,3789,CHOCO,27787,TADÓ,227502080088,IE INDÍGENA CHIMÍA DE MIACORA,1001,OFICIAL,817,Académico,52,A,CORREG MIACORA,LOS HEROES,3205966519,,rubianolana0608@gmail.com,RUBIANO LANA CONDE,,758,6
27,CHOCÓ,3789,CHOCO,27787,TADÓ,227006000511,CE CHUGANDI,1001,OFICIAL,817,Académico,52,A,CORREG DE CHUGANDI,CHUGANDI,6828621- 3137151536,,luis.albarez@sedchoco.gov.co,ALVAREZ MOSQUERA LUIS ALFREDO,,207,4
27,CHOCÓ,3789,CHOCO,27787,TADÓ,227361002347,IE INDÍGENA WOUNAAN DAVID GREGORIO,1001,OFICIAL,817,Académico,52,A,RESG UNION BALSALITO,,3117936494,,irvinwigier@hotmail.com,IRVING CARDENAS MEPAQUITO,,679,7
27,CHOCÓ,3789,CHOCO,27787,TADÓ,227495000308,IE PUNTA DE ARUSI,1001,OFICIAL,817,Académico,52,A,ARUSI,SIN INFORMACION,6836120- 3122923181,,lmurillo@sedchoco.gov.co,MURILLO GIL LUIS ANGEL,,315,6
27,CHOCÓ,3789,CHOCO,27787,TADÓ,227495000260,CE PASCUAL SANTANDER,1001,OFICIAL,817,Académico,52,A,CORREG DE JURUBIRA,SIN INFORMACION,,,anosas1996@hotmail.com,ASPRILLA HURTADO ANTONIO OSNY,,228,2
27,CHOCÓ,4382,QUIBDÓ,27001,QUIBDÓ,227001001871,IE AGROECOLOGICA CRISTO REY DE TUTUNENDO,1001,OFICIAL,818,Técnico,52,A,TUTUNENDO,SAN FCO,6708099,,,BETTY CECILIA VALENCIA MENA.,,513,6
27,CHOCÓ,4382,QUIBDÓ,27001,QUIBDÓ,227001003547,IE TECNICA AGROPECUARIA DE TAGACHI,1001,OFICIAL,818,Técnico,52,A,AFLUENTE RIO TAGACHI,SIN INFORMACION,,,eliza1158@hotmail.com,ELIZABETH MORENO PALACIOS.,,218,2
27,CHOCÓ,3789,CHOCO,27787,TADÓ,227787001151,CE INDÍGENA DE TARENA,1001,OFICIAL,818,Técnico,52,A,VDATARENA,SIN INFORMACION,3508509009,,asorewasimat@gmail.com,SERGIO VALENCIA WAITOTO,,458,10
27,CHOCÓ,3789,CHOCO,27787,TADÓ,127745000240,IE SAN AGUSTIN,1001,OFICIAL,818,Técnico,52,A,SIPI,BARRIO ESCOLAR,3128902837,985662426,katlynkaren49@gmail.com,QUIÑONEZ VIVAS EVER,,243,5
27,CHOCÓ,3789,CHOCO,27787,TADÓ,227205000067,IE SAN JOSE DE VIRO VIRO,1001,OFICIAL,818,Técnico,52,A,VIRO VIRO,SIN INFORMACION,3122893042,,bhea03@hotmail.com,BENITEZ HURTADO EVELIO ARALDIS,,365,3
27,CHOCÓ,3789,CHOCO,27787,TADÓ,227135002580,IE PUERTO PERVEL,1001,OFICIAL,818,Técnico,52,A,PUERTO PERVEL,SIN INFORMACION,3137564242,,jmpalacios@sedchoco.gov.co jormopal@hotmail.com,MORENO PALACIOS JORGE,,457,5
27,CHOCÓ,3789,CHOCO,27787,TADÓ,127205000020,IE LUIS LOZANO SCIPION,1001,OFICIAL,818,Técnico,52,A,CONDOTO CHOCO,BARRIO PLATINERO,3127863337,6708023,belenamosva@hotmail.com,MOSQUERA VALENCIA BEATRIZ ELENA,,1453,4
27,CHOCÓ,3789,CHOCO,27787,TADÓ,227001017742,CE INDÍGENA EMBERA MIGUEL IZARAMA,1001,OFICIAL,963,No Aplica,52,A,COMUN INDIG CHAGADO,BETE,3148429356- 3127733411,,miguelisarama@gmail.com,SERVELIO OLEA MECHA,,159,5
27,CHOCÓ,3789,CHOCO,27787,TADÓ,227077002141,CE INDÍGENA GUADUALITO DE TORREIDO,1001,OFICIAL,963,No Aplica,52,A,RESG TORREIDO,SIN INFORMACION,98 520 47 45 - 3233175316,98 520 47 46,emirpapelito@gmail.com,EMIR PAPELITO CAISAMO,,399,5
27,CHOCÓ,3789,CHOCO,27787,TADÓ,127001002937,CE INDÍGENA ISAAC LANA NARAMPIA,1001,OFICIAL,963,No Aplica,52,A,COREG GENGADO,SIN INFORMACION,3104160394,,isaaclananarampia@gmail.com,JESUS CONDE CABRERA,,346,7
27,CHOCÓ,4382,QUIBDÓ,27001,QUIBDÓ,227001000009,CENTRO EDUCATIVO EL BARRANCO,1001,OFICIAL,963,No Aplica,52,A,BARRANCO,SIN INFORMACION,O985204718,,,LUIS BELTRAN ROMAÑA MOSQUERA,,178,5
27,CHOCÓ,4382,QUIBDÓ,27001,QUIBDÓ,327001000631,CENT EDUC  CATALINA,1002,NO_OFICIAL,963,No Aplica,52,A,KR 7 24 98,PAN DE YUCA,6718840,,ce.catalina@hotmail.com,ELSY GLORIA PALACIOS ROMERO,,450,1
27,CHOCÓ,4382,QUIBDÓ,27001,QUIBDÓ,227001001293,CENTRO EDUCATIVO MUNGUIDO,1001,OFICIAL,963,No Aplica,52,A,ALTAGRACIA,SIN INFORMACION,985224695,,,JESUS ENRIQUE ABRIL PALACIOS,,200,13
27,CHOCÓ,4382,QUIBDÓ,27001,QUIBDÓ,227001001072,CENTRO EDUCATIVO DIEGO LUIS CORDOBA,1001,OFICIAL,963,No Aplica,52,A,SAN RAFAEL DE NEGUA,SIN INFORMACION,5204675,,,RAQUEL DORILA RUIZ BUENAVENTURA.,,141,8
27,CHOCÓ,4382,QUIBDÓ,27001,QUIBDÓ,127001017560,CENTRO EDUCATIVO INDIGENA JOSE MELANIO TUNAY DEL 21,1001,OFICIAL,963,No Aplica,52,A,QUIBDO - RURAL,ZONA NORTE,,,,BELARMINO TUNAY MAJORE,,884,18
27,CHOCÓ,4382,QUIBDÓ,27001,QUIBDÓ,227001001145,IE MIA JORGE VALENCIA LOZANO,1001,OFICIAL,963,No Aplica,52,A,URBANIZACIÓN CIUDADELA MIA,SIN INFORMACION,,,,HECTOR ARQUÍMEDES ASPRILLA COSSIO,,461,1
27,CHOCÓ,4382,QUIBDÓ,27001,QUIBDÓ,327001017844,GUARD Y JAR INF CIELITO,1002,NO_OFICIAL,963,No Aplica,52,A,CR 5 # 29-26,CESAR CONTO,6708292,,,YASSIRIS CHAVERRA QUESADA,,29,1
27,CHOCÓ,4382,QUIBDÓ,27001,QUIBDÓ,327001003673,KINDER DIVINO NIÑO JESUS,1002,NO_OFICIAL,963,No Aplica,52,A,IND CRA 6D CON CARRERA 7A BARRIO NIÑO JESUS,NIÑO JESUS SECTOR CABI,6707133,6707133,francisquibdo@hotmail.com,HNA MARIA CONSUELO VILLANEDA PIEDRAHITA.,,74,1
27,CHOCÓ,4382,QUIBDÓ,27001,QUIBDÓ,327001003240,KINDER SANTA FAMILIA,1002,NO_OFICIAL,963,No Aplica,52,A,CRA 18 NO13-180,NICOLAS MEDANO,6713977,,,HNA NANCY,,150,1
27,CHOCÓ,4382,QUIBDÓ,27001,QUIBDÓ,327001018298,IE COMFACHOCÓ,1002,NO_OFICIAL,963,No Aplica,52,A,IND CALLE 37 SECTOR LA PAZ,BARRIO KENNEDY,6711757,,,HNA GLORIA EMILSE ZULUAGA ALZATE,,894,1
27,CHOCÓ,4382,QUIBDÓ,27001,QUIBDÓ,427001003627,UNION MISIONERA,1002,NO_OFICIAL,963,No Aplica,52,A,CORREG DE TUTUNENDO,SAN ANTONIO,,,,EULALIA ANTONIA VALENCIA,,32,1
27,CHOCÓ,4382,QUIBDÓ,27001,QUIBDÓ,327001018301,JARD INF RAYITOS DE SOL,1002,NO_OFICIAL,963,No Aplica,52,A,CL 24 19 26,JARDIN,6733862,,,MARIBEL RIVAS GAMBOA,,34,1
27,CHOCÓ,4382,QUIBDÓ,27001,QUIBDÓ,127001003933,JARD INF MANITAS CREATIVAS,1002,NO_OFICIAL,963,No Aplica,52,A,CL 30 #2-47,CRISTO REY,6715123,,,ZULIA PALACIOS MURILLO,,64,1
27,CHOCÓ,4382,QUIBDÓ,27001,QUIBDÓ,227001018137,C.E. INDIGENA EMBERA ALFONSO DUMASA DE CAIMANERO JAMPAPA,1001,OFICIAL,963,No Aplica,52,A,ALTO MUNGUIDO,COMUNIDAD INDIG. CAIMANERO,,,,DIOVIGILDO LANA SANAPICA,,291,10
27,CHOCÓ,3789,CHOCO,27787,TADÓ,127615000043,IE SAULO SANCHEZ CORDOBA,1001,OFICIAL,2432,Técnico / Académi,52,A,RIOSUCIO,ESCOLAR,681 00 59- 3137210968-3146101819,,mtmoreno@sedchoco.gov.co mmorenot55@hotmail.es iessanchezriosucio@gmail.com,MORENO TERAN MARCO TULIO,,1131,8
27,CHOCÓ,3789,CHOCO,27787,TADÓ,127615000035,IE LA PRESENTACION,1001,OFICIAL,2432,Técnico / Académi,52,A,RIOSUCIO,MAKENT,3108436917,6810191,oscarquejadamena@gmail.com,QUEJADA MENA OSCAR,,782,6
27,CHOCÓ,3789,CHOCO,27787,TADÓ,127615000027,IE ANTONIO RICAURTE,1001,OFICIAL,2432,Técnico / Académi,52,A,SIN INFORMACION,PARAISO,6810108- 3146189259 3146201494,,antonioricaurte5@yahoo.es mlemos@sedchoco.gov.co mlemos530@gmail.com millem30@hotmail.com,LEMOS MORENO MIGUEL,,1401,5
27,CHOCÓ,3789,CHOCO,27787,TADÓ,127615060621,IE LA UNION DE BAJIRA,1001,OFICIAL,2432,Técnico / Académi,52,A,BELENCITO,EL LIMON,3154332103,,emquinto@sedchoco.gov.co,MOSQUERA QUINTO ELACIO,,2418,12
27,CHOCÓ,3789,CHOCO,27787,TADÓ,327361001515,IE GUSTAVO POSADA,1001,OFICIAL,2432,Técnico / Académi,52,A,KRA28A #2-26,CUBIS,3148110979-6702272,6700357- 6702120,lhrodriguez@sedchoco.gov.co humberto0731@yahoo.com luishumbertorodriguez@hotmail.com,RODRIGUEZ AGUILAR LUIS HUMBERTO,,1222,5
27,CHOCÓ,3789,CHOCO,27787,TADÓ,127361000137,IE SAN PABLO INDUSTRIAL,1001,OFICIAL,2432,Técnico / Académi,52,A,CRA 7 N¿ 7-115,SAN FRANCISCO,6702085- 3206339739,6702085,carlosistmina@gmail.com,HURTADO MURILLO CARLOS JESUS,,2138,5
27,CHOCÓ,3789,CHOCO,27787,TADÓ,327361000187,IE NORMAL SUP SAN PIO X,1001,OFICIAL,2432,Técnico / Académi,52,A,CL 25 6 A 8,SECTOR SANTA GENOVEVA,6703120-6703640-3146617056,,jhbonilla@sedchoco.gov.co herbertobonilla@gmail.com,BONILLA MOSQUERA JESUS HEBERTO,,1478,2
27,CHOCÓ,3789,CHOCO,27787,TADÓ,127361000129,IE NORMAL SUP NTRA SRA DE LAS MERCEDES,1001,OFICIAL,2432,Técnico / Académi,52,A,KR 23 10 06,CUBIS,3136591741,,rgeovo54@gmail.com,GEOVO GUTIERREZ RAFAEL ALBERTO,,1434,2
27,CHOCÓ,3789,CHOCO,27787,TADÓ,127361002164,IE SAGRADA FAMILIA,1001,OFICIAL,2432,Técnico / Académi,52,A,IND CALLE COMERCIO,COMERCIO,6702374-3148113715,,lucodi_org@yahoo.es,CORDOBA DIAZ LUCAS,,936,1
27,CHOCÓ,3789,CHOCO,27787,TADÓ,227361000727,IE DE PRIMAVERA,1001,OFICIAL,2432,Técnico / Académi,52,A,PRIMAVERA,SIN INFORMATICA,3207569492- 3142741289,,cmedinasamudio@gmail.com,CARLOS ALBERTO MEDINA SAMUDIO,,363,6
27,CHOCÓ,3789,CHOCO,27787,TADÓ,227372000532,IE INDÍGENA ARMANDO ACHITO LUBIASA DE NUSSI PURRÚ,1001,OFICIAL,2432,Técnico / Académi,52,A,DOS BOCA,,3147374858,,cedosbocasjurado@gmail.com,MARIELA LANA SANAPICA,,502,9
27,CHOCÓ,3789,CHOCO,27787,TADÓ,327372000111,IE SAN ROQUE DE LA FRONTERA,1001,OFICIAL,2432,Técnico / Académi,52,A,JURADÓ,PUEBLO NVO,3116110366,,comopala@gmail.com,MORENO PALACIOS CONCILIO,,548,3
27,CHOCÓ,3789,CHOCO,27787,TADÓ,227361002185,IE RAMON LOZANO GARCES,1001,OFICIAL,2432,Técnico / Académi,52,A,BARRIO LA INMACULADA,LA INMACULADA,5224028- 3117580026,,lamosquera@sedchoco.gov.co ierlozanolitoral@gmail.com,MOSQUERA LEUDO LUIS ALIRIO,,521,7
27,CHOCÓ,3789,CHOCO,27787,TADÓ,327361060015,IE INDÍGENA GERARDO CHIRIPUA VALENCIA,1001,OFICIAL,2432,Técnico / Académi,52,A,RESG DE PAPAYO,MELITAS,985214288- 3217668023,,iegchiripualitoral@gmail.com,GILBERTO TASCON CHIRIPUA,,765,6
27,CHOCÓ,3789,CHOCO,27787,TADÓ,327413000024,IE ATRATO DE LLORO,1001,OFICIAL,2432,Técnico / Académi,52,A,LLORO,LAS CRUCES,3147677954,6830101,agroecolloro2015@gmail.com,SEGUNDA EMERITA GUERRERO LEMUS,,1309,9
27,CHOCÓ,3789,CHOCO,27787,TADÓ,127615001902,IE NUESTROS ESFUERZOS,1001,OFICIAL,2432,Técnico / Académi,52,A,SIN INFORMACION,MAKEN,681 02 09- 3146329840,,piteratrato2009@yahoo.es,PALOMEQUE LEMOS PEDRO JOSE,,788,7
27,CHOCÓ,3789,CHOCO,27787,TADÓ,327205000789,IE TECNICO COMERCIAL,1001,OFICIAL,2432,Técnico / Académi,52,A,IND BARRIO CARRETERA CONDOTO,BARRIO CARRETERA,6798289-3113880467,,npena@sedchoco.gov.co 1952nata@gmail.com,PEÑA HINESTROZA NATANAEL,,966,1
27,CHOCÓ,3789,CHOCO,27787,TADÓ,227361001537,IE PUERTO SALAZAR,1001,OFICIAL,2432,Técnico / Académi,52,A,PUERT SALAZAR CHIGORODO,PUERTO SALAZAR,3136738079,5214124- 985214125,elmopa2010@hotmail.com,EDWAR ANTONIO MORENO PALACIOS,,276,3
27,CHOCÓ,3789,CHOCO,27787,TADÓ,127430000021,IE NUESTRA SEÑORA DE LA POBREZA,1001,OFICIAL,2432,Técnico / Académi,52,A,BOCA DE PEPE,SIN INFORMACION,3113614396,,alexaragon@gmail.com,ARAGON URRUTIA ALEX,,508,10
27,CHOCÓ,3789,CHOCO,27787,TADÓ,127006000037,IE DIEGO LUIS CORDOBA,1001,OFICIAL,2432,Técnico / Académi,52,A,CALLE NUEVA,B. CENTRAL,6795066-3217612336,,inocenc20@hotmail.com,PALACIOS MURILLO INICENCIO,,2395,14
27,CHOCÓ,3789,CHOCO,27787,TADÓ,227001017777,IE DIEGO LUIS CORDOBA PINO,1001,OFICIAL,2432,Técnico / Académi,52,A,BETE,SIN INFROMACION,3122885966,6713529,tinty1310@hotmail.com,MOSQUERA CORDOBA LUIS EDUARDO,,539,12
27,CHOCÓ,3789,CHOCO,27787,TADÓ,227073000020,IE INDÍGENA VIVICORA,1001,OFICIAL,2432,Técnico / Académi,52,A,PIEDRA HONDA,ESCOLAR,5204780 - 3115385281,5204781,hernandosintua@hotmail.com,HERNANDO CINTUA MENDOZA,,633,8
27,CHOCÓ,3789,CHOCO,27787,TADÓ,227073000411,IE SAN ISIDRO,1001,OFICIAL,2432,Técnico / Académi,52,A,SAN MARINO,SIN INFORMACION,3148726494,,,ARCE MENA JOSE VICENTE,,325,8
27,CHOCÓ,3789,CHOCO,27787,TADÓ,127073000017,IE CORAZON DE MARIA,1001,OFICIAL,2432,Técnico / Académi,52,A,BAGADO,SIN INFORMACION,3147058101,,carlosan888@gmail.com,CARLOS ANDRES RENTERIA LAGAREJO,,394,3
27,CHOCÓ,3789,CHOCO,27787,TADÓ,227361000662,IE DE TARIDO,1001,OFICIAL,2432,Técnico / Académi,52,A,TARIDO,SIN INFORMACION,3147356679 / 3107056510,,bmarcial@hotmail.com,MARCIAL BLANDON RIVAS,,283,2
27,CHOCÓ,3789,CHOCO,27787,TADÓ,127135000019,IE JOSE MANUEL PALACIOS PALACIOS,1001,OFICIAL,2432,Técnico / Académi,52,A,MANAGRU,SIN INFORMACION,3116410630-6798994-6702217,,norberino21@hotmail.com,NORBERTO INOCENCIO ARBOLEDA MORENO,,821,4
27,CHOCÓ,3789,CHOCO,27787,TADÓ,227245000523,IE INDÍGENA TOBIAS QUERAGAMA,1001,OFICIAL,2432,Técnico / Académi,52,A,CARMEN DE ATRATO,SIN INFORMACION,3127218266,,asorewasimat@gmail.com,HUMBERTO TEQUIA SINTUA,,485,10
27,CHOCÓ,3789,CHOCO,27787,TADÓ,127245000057,IE MARCO FIDEL SUAREZ,1001,OFICIAL,2432,Técnico / Académi,52,A,BARRIO EL TEJAR,B. EL TEJAR,679 00 69-3108324633,679 00 69,berniniayala425@gmail.com,AYALA CAÑOLA VICENTE BERNINI,,961,11
27,CHOCÓ,3789,CHOCO,27787,TADÓ,227615001290,IE HERACLIO LARA ARROYO,1001,OFICIAL,2432,Técnico / Académi,52,A,CURBARADO,JARDIN,985214206-3206197511,985214206,fabiomosq@gmail.com,MOSQUERA MOSQUERA FABIO VICENTE,,1789,15
27,CHOCÓ,3789,CHOCO,27787,TADÓ,427787000014,IE MATIAS TRES PALACIOS,1001,OFICIAL,2432,Técnico / Académi,52,A,IND CANDELARIA,B. CANDELARIA,671 72 71- 3127986202,,zaidaines21@hotmail.com,ASPRILLA MOSQUERA ZAIDA INES,,1108,4
27,CHOCÓ,3789,CHOCO,27787,TADÓ,227205000296,IE MANUEL MOSQUERA MORENO,1001,OFICIAL,2432,Técnico / Académi,52,A,OPOGODO,SIN INFORMACION,3128451659,,sixta_ayala@hotmail.com,SIXTA TULIA VIAFARA,,306,3
27,CHOCÓ,3789,CHOCO,27787,TADÓ,127205000011,IE MARIA AUXILIADORA,1001,OFICIAL,2432,Técnico / Académi,52,A,BARRIO CABACERA,BARRIO CABECERA,679801-3207236680,6798017,wilcajor50@hotmail.com,PEREA VELASQUEZ JORGE LUIS,,716,3
27,CHOCÓ,3789,CHOCO,27787,TADÓ,227099000010,IE LA LOMA DE BOJAYA,1001,OFICIAL,2432,Técnico / Académi,52,A,CORREG DE LA LOMA,EL LIBERTADOR,3113932091,,ieagricolabojaya@hotmail.com,OLIMPA ALLIN MORENO,,564,5
27,CHOCÓ,3789,CHOCO,27787,TADÓ,127025000498,IE JULIO MEJIA VELEZ,1001,OFICIAL,2432,Técnico / Académi,52,A,PIE DE PATO,KENNEDY,3217276096,5662678- 5662675,angelmos2008@hotmail.com,MOSQUERA PEREA ANGEL LUCIO,,754,4
27,CHOCÓ,3789,CHOCO,27787,TADÓ,227001000513,IE ANTONIO ABAD HINESTROZA,1001,OFICIAL,2432,Técnico / Académi,52,A,YUTO,EL CLUB,3117140677,,macariomosquera@hotmail.com,MOSQUERA ASPRILLA MACARIO,,966,6
27,CHOCÓ,3789,CHOCO,27787,TADÓ,227025000441,IE FELIPE ABADIA MORENO,1001,OFICIAL,2432,Técnico / Académi,52,A,CHACHAJO,MILPESAL,985204740-3206867713-3105427692,,spmartinez@sedchoco.gov.co,MARTINEZ ABADIA SANDRA PATRICIA,,557,6
27,CHOCÓ,3789,CHOCO,27787,TADÓ,227025000051,IE INDÍGENA PATRICIO MECHA,1001,OFICIAL,2432,Técnico / Académi,52,A,CATRU,SIN INFORMACION,3233182168,,iemariochamorro@hotmail.com,JHON JAIBER MECHA ISARAMA,,768,13
27,CHOCÓ,3789,CHOCO,27787,TADÓ,227025001341,IE MISAEL SOTO CORDOBA,1001,OFICIAL,2432,Técnico / Académi,52,A,PTO ECHEV,,3148459938 6714595,98 522 24 20,favalencia@sedchoco.gov.co feliz-antonio21@hotmail.com,VALENCIA MORENO FELIX ANTONIO,,522,11
27,CHOCÓ,3789,CHOCO,27787,TADÓ,227001000475,IE DE SAMURINDO,1001,OFICIAL,2432,Técnico / Académi,52,A,SAMURINDO,SIN INFORMACION,314 7420133,,vrenteriabecerra@gmail.com,RENTERIA BECERRA VICTOR SAMUEL,,654,10
27,CHOCÓ,3789,CHOCO,27787,TADÓ,227075000043,IE DEL VALLE,1001,OFICIAL,2432,Técnico / Académi,52,A,EL VALLE,SIN INFORMACION,6827914- 3147242476,,itavalle1960@hotmail.com,CHAVERRA COPETE FULTON ANTONIO,,279,1
27,CHOCÓ,3789,CHOCO,27787,TADÓ,127075000111,IE LUIS LOPEZ DE MESA,1001,OFICIAL,2432,Técnico / Académi,52,A,BAHIA SOLANO,PANQUIACO,313 6904387,,alfonsoromero@gmail.com,ALFONSO SANCHEZ ROMERO,,1744,6
27,CHOCÓ,3789,CHOCO,27787,TADÓ,227075000213,IE NORMAL SUPERIOR SANTA TERESITA,1001,OFICIAL,2432,Técnico / Académi,52,A,EL VALLE,SIN INFORMACION,6827910-3206588286,,fmena@sedchoco.gov.co filmedo@hotmail.es,MENA DOMINGUEZ FILIBERTO,,620,2
27,CHOCÓ,3789,CHOCO,27787,TADÓ,227077000369,IE NUESTRA SEÑORA DEL CARMEN- PUERTO MELUK,1001,OFICIAL,2432,Técnico / Académi,52,A,PUERTO MELUK,,3122662891/ 6702342,,sanrafael2@hotmail.com,BETHSY MOSQUERA QUINTO,,1128,12
27,CHOCÓ,3789,CHOCO,27787,TADÓ,227077002078,IE FRANCISCO EUGENIO MOSQUERA,1001,OFICIAL,2432,Técnico / Académi,52,A,PIE DE PEPE,SIN INFORMACION,3105241765 3137579490,,amrivas@sedchoco.gov.co,RIVAS IBARGUEN ANA MAGALI,,818,13
27,CHOCÓ,3789,CHOCO,27787,TADÓ,227361002240,IE MANUEL E RIVAS LOBON,1001,OFICIAL,2432,Técnico / Académi,52,A,BEBEDO,NI¿O JESUS,3128347733,098521409-5214100,ivamurillo71@gmail.com,MURILLO RUIZ JESUS IVAN,,975,7
27,CHOCÓ,3789,CHOCO,27787,TADÓ,427361002222,IE SANTO ECCEHOMO,1001,OFICIAL,2432,Técnico / Académi,52,A,RASPADURA,SIN INFORMACION,3104583486,,iesantoeccehomo2019@gmail.com,BERMUDEZ MORENO MANUEL,,297,3
27,CHOCÓ,3789,CHOCO,27787,TADÓ,227787001119,IE SAN JOAQUIN,1001,OFICIAL,2432,Técnico / Académi,52,A,KILOMETRO 1 VIA  ISTMINA-QUIBDO,LOURDES,3122221679,,pfhurtado@sedchoco.gov.co pedrofidelh@yahoo.es,HURTADO OREJUELA PEDRO FIDEL,,1040,4
27,CHOCÓ,3789,CHOCO,27787,TADÓ,227800000721,IE DESARROLLO DE BALBOA,1001,OFICIAL,2432,Técnico / Académi,52,A,BALBOA,CORDOBA,3104583906,,cordobaperea01@gmail.com,CORDOBA PEREA PANFILO,,541,6
27,CHOCÓ,3789,CHOCO,27787,TADÓ,227800000771,IE SANTA MARIA LA NUEVA DEL DARIEN,1001,OFICIAL,2432,Técnico / Académi,52,A,CORREG STA MARIA,SIN INFORMACION,3206197511,,dilsontorres@hotmail.com,DILSON DE JESUS TORRES VALDELAMAR,,695,11
27,CHOCÓ,3789,CHOCO,27787,TADÓ,427800000461,IE ALCIDES FERNANDEZ,1001,OFICIAL,2432,Técnico / Académi,52,A,GILGAL,SIN INFORMACION,3117149198,8243331,tiosose@gmail.com  colegioicraf@gmail.com,NARANJO RIOS JORGE ELEAZAR,,1065,6
27,CHOCÓ,3789,CHOCO,27787,TADÓ,127800000238,IE DE UNGUIA,1001,OFICIAL,2432,Técnico / Académi,52,A,CARRETERA  AL PUERTO DE UNGUIA,BARRIO EL PUERTO,3122885966,,raca.unguia@hotmail.com,RIVAS ASPRILLA CRISPULO ANTONIO,,1540,5
27,CHOCÓ,3789,CHOCO,27787,TADÓ,227361000816,IE JOAQUIN URRUTIA,1001,OFICIAL,2432,Técnico / Académi,52,A,CABECERA MUNICIPAL ANDAGOYA,LLANO,3117619084,,shmaturana@sedchoco.gov.co shmaturana@yahoo.es,HINESTROZA MATURANA SENEN,,266,4
27,CHOCÓ,3789,CHOCO,27787,TADÓ,427361000068,IE FRANCISCO EUTIMIO MUNERA,1001,OFICIAL,2432,Técnico / Académi,52,A,PORVENIR,PORVENIR,3127012697- 3135287189,,emema23@hotmail.com,MENA MATURANA EMIRO ENRIQUE,,597,6
27,CHOCÓ,3789,CHOCO,27787,TADÓ,327491000111,IE CARLOS HOLGUIN MALLARINO,1001,OFICIAL,2432,Técnico / Académi,52,A,CALLE CENTRAL,CALLE CENTRAL,3128326487,985213821,rafaias1957@hotmail.com,IBARGUEN ASPRILLA RAFAEL,,1322,16
27,CHOCÓ,3789,CHOCO,27787,TADÓ,327361002538,IE SAN RAFAEL EL DOS,1001,OFICIAL,2432,Técnico / Académi,52,A,SAN RAFAEL,SIN INFORMACION,3206715104 3117524040,6703353,jopalacios@sedchoco.gov.co joseopaco@gmail.com,PALACIOS CORDOBA JOSE OVIDIO,,509,3
27,CHOCÓ,3789,CHOCO,27787,TADÓ,327787000982,IE NUESTRA SEÑORA DE LA POBREZA DE TADO,1001,OFICIAL,2432,Técnico / Académi,52,A,CL 6 15 21,BARRIO POPULAR,3127090586- 3137840874,679 50 66,,COPETE MURILLO  GABRIEL,,1718,4
27,CHOCÓ,3789,CHOCO,27787,TADÓ,227787000031,IE TECNICO AGROAMBIENTAL,1001,OFICIAL,2432,Técnico / Académi,52,A,VDA CHARCO NEGRO,SIN INFORMACION,3148205755,6795259-675722,caorcomu@gmail.com,CORDOBA MURILLO CARLOS ORLANDO,,596,15
27,CHOCÓ,3789,CHOCO,27787,TADÓ,127077000089,IE FRANCISCO PIZARRO,1001,OFICIAL,2432,Técnico / Académi,52,A,IND PIZARRO,ESCOLAR,3128604979,680 61 20,da.pa.13@hotmail.com,PARRA MURILLO DANILO,,1356,6
27,CHOCÓ,3789,CHOCO,27787,TADÓ,227077004992,IE HERNANDO PALACIOS,1001,OFICIAL,2432,Técnico / Académi,52,A,DOCAMPADO,SIN INFORMACION,3103786052 - 3107204260,,avemo53@hotmail.com,MORENO MORENO AVELINO,,399,6
27,CHOCÓ,3789,CHOCO,27787,TADÓ,227077000245,IE SAGRADO CORAZON DE JESUS DE VIRUDO,1001,OFICIAL,2432,Técnico / Académi,52,A,VIRUDO,SIN INFORMACION,3147201195,,foduran@sedchoco.gov.co,FANNY ONEIDA DURAN IBARGUEN,,464,5
27,CHOCÓ,3789,CHOCO,27787,TADÓ,127495000052,IE LITORAL PACIFICO DE NUQUI,1001,OFICIAL,2432,Técnico / Académi,52,A,NUQUI,SIN INFORMACION,683 60 38- 3128813263,683 60 05,dllondono@sedchoco.gov.co hnalondono@gmail.com,LONDOÑO TAMAYO DORA LUCIA,,823,4
27,CHOCÓ,3789,CHOCO,27787,TADÓ,227001000335,IE NUESTRA SEÑORA DE LAS MERCEDES,1001,OFICIAL,2432,Técnico / Académi,52,A,VILLACONTO,ESCOLAR,3218567998-3207281346,985204708,dacriye@hotmail.com,PEREA LEDEZMA NELLY DEL CARMEN,,1254,6
27,CHOCÓ,3789,CHOCO,27787,TADÓ,227615000536,IE INDÍGENA AGROP DE ISLETA,1001,OFICIAL,2432,Técnico / Académi,52,A,ISLETA,,3127579197,,asorewasimat@gmail.com,OSCAR SALAZAR CHAMI,,803,7
27,CHOCÓ,3789,CHOCO,27787,TADÓ,227001003181,IE ANTONIO ANGLES DE SAN ISIDRO,1001,OFICIAL,2432,Técnico / Académi,52,A,SAN ISIDRO,SIN INFORMACION,3128518728,985213867,ftperea@sedchoco.gov.co,PEREA HINESTROZA FABIO TEOLINDO,,589,4
27,CHOCÓ,3789,CHOCO,27787,TADÓ,227001003237,IE BERNARDINO BECERRA RODRIGUEZ,1001,OFICIAL,2432,Técnico / Académi,52,A,PAIMADO,SIN INFORMACION,3218513281,,adelsonmena20@gmail.com,MENA MENA ADELSON,,664,3
27,CHOCÓ,3789,CHOCO,27787,TADÓ,227205000954,IE JESUS ANTONIO RIVAS,1001,OFICIAL,2432,Técnico / Académi,52,A,RIO IRO,LA UNION,985224005- 3147154656,985224005,chasayu11@hotmail.com,PALACIOS HINESTROZA FELICIANO ORNESIS,,999,10
27,CHOCÓ,3789,CHOCO,27787,TADÓ,227660000628,IE NORMAL SUPERIOR LA INMACULADA DE LA ITALIA,1001,OFICIAL,2432,Técnico / Académi,52,A,CORREG LA ITALIA,SIN INFORMACION,985213882-3144845007-6702344,985213880,iesanjosepalmar@gmail.com,COPETE GOMEZ CARLOS ALBERTO,,476,5
27,CHOCÓ,3789,CHOCO,27787,TADÓ,127660000658,IE SAN JOSE,1001,OFICIAL,2432,Técnico / Académi,52,A,BARRIO EL MILAGROSO,MILAGROSO,963664017-6864017- 3208279101,963664017,iesanjosepalmar@gmail.com,MOSQUERA ARMIJO FRANCY ZULIMA,,673,8
27,CHOCÓ,3789,CHOCO,27787,TADÓ,227787001127,IE NUESTRA SEÑORA DE FATIMA,1001,OFICIAL,2432,Técnico / Académi,52,A,CORREGIMIENTO DE PLAYA DE ORO,SIN INFORMACION,3145519105-3103728960,,jemova6@hotmail.com,MOSQUERA VALENCIA JESUS EPIFANIO,,1096,11
27,CHOCÓ,3789,CHOCO,27787,TADÓ,127787000029,IE NORMAL SUPERIOR DEMETRIO SALAZAR CASTILLO,1001,OFICIAL,2432,Técnico / Académi,52,A,KR 6 CL 12,ESCOLAR,3105046424,6702077,eudecita1908@gmail.com,RAMIREZ MOSQUERA EUDECELINA,,1537,2
27,CHOCÓ,4382,QUIBDÓ,27001,QUIBDÓ,127001001256,IE SANTO DOMINGO DE GUZMAN,1001,OFICIAL,2432,Técnico / Académi,52,A,KR 11 A 31 73 <EOF>,SANTO DOMINGO,6709029,6709029,ieguzman@semquibdo.edu.co,EMIRO BORJA PALACIOS.,,963,4
27,CHOCÓ,4382,QUIBDÓ,27001,QUIBDÓ,127001000233,IE TECNICA INTEGRADO CARRASQUILLA INDUSTRIAL,1001,OFICIAL,2432,Técnico / Académi,52,A,KR 7 27 34,B. EL SILENCIO,671 13 88-671 68 45,671 13 88,iecarrasquilla@semquibdo.gov.co,EDWAR MENA ROMAÑA,,3524,3
27,CHOCÓ,4382,QUIBDÓ,27001,QUIBDÓ,127001000225,IE FEM DE ENSEÑANZA MEDIA,1001,OFICIAL,2432,Técnico / Académi,52,A,CL 31 3 49,CRISTO REY,6711634,6711634,,HELENA JESUS LEMOS MAYORAL,,2708,2
27,CHOCÓ,4382,QUIBDÓ,27001,QUIBDÓ,127001000446,IE NORMAL SUPERIOR DE QUIBDO,1001,OFICIAL,2432,Técnico / Académi,52,A,IND TRANSV 8 # 12 100,B. NIÑO JESUS,671 14 65,,,EFRAIN GARCIA SERNA,,2724,6
27,CHOCÓ,4382,QUIBDÓ,27001,QUIBDÓ,127001003127,IE ANTONIO MARIA CLARET,1001,OFICIAL,2432,Técnico / Académi,52,A,CRA 3 # 31-99,BARRIO MILAFLORES,6723756,6723756,coclaret50@gmail.com,MARGEL DEL CARMEN RENGIFO VALENCIA,,2476,5
27,CHOCÓ,4382,QUIBDÓ,27001,QUIBDÓ,327001000241,IE NORMAL SUPERIOR MANUEL CAÑIZALEZ,1001,OFICIAL,2432,Técnico / Académi,52,A,KR 6 CL 31,HUAPANGO,6719907,,EMAILCCANIZAL@COL2.TELECOM.COM.CO,ANDRES MARIA GARCIA COSSIO,,2080,1
27,CHOCÓ,4382,QUIBDÓ,27001,QUIBDÓ,327001001000,IE SANTO DOMINGO SAVIO,1001,OFICIAL,2432,Técnico / Académi,52,A,CL 25 16 A 110,JARDIN,6708016,6708016,feliciano54@gmail.com,FELICIANO ENRIQUE PALACIOS VALOYES,,1980,3
27,CHOCÓ,4382,QUIBDÓ,27001,QUIBDÓ,227001018200,IE ANTONIO RICAURTE,1001,OFICIAL,2432,Técnico / Académi,52,A,SALIDA A LA CASCORBA K3,CABI,6713255,6719730,iearicauter@semquibdo.edu.co,LIBIA SUSANA CUESTA WALDO.,,1338,5
27,CHOCÓ,4382,QUIBDÓ,27001,QUIBDÓ,127001001621,IE MANUEL AGUSTIN SANTACOLOMA VILLA,1001,OFICIAL,2432,Técnico / Académi,52,A,CL 31 10 25,TOMAS PEREZ PARTE ALTA,6712015-6709284,6712015,iesantacoloma@semquibdo.gov.co  evelio61@hotmail.com,JHON FITZGERALT MOSQUERA DUEÑAS,,1156,2
